dimension,used_corr_run1,not_used_corr_run1,delta_corr_run1,pct_change_run1,used_corr_mean,not_used_corr_mean,delta_corr_mean,pct_change_mean
FAMILIARITY,0.19013583221010874,-0.0001165950341067885,-0.19025242724421554,-100.06132196795919,0.1501556509225367,0.07373696292280674,-0.07641868799972995,-50.89298173610085
MEANINGFULNESS,0.26432957762981873,0.11345476152418121,-0.15087481610563752,-57.07829500523422,0.25730180849880796,0.17865097889855822,-0.07865082960024974,-30.567538587904686
BODY_RELATEDNESS,,0.7831455092220644,,,,0.7844613447777652,,
DIFFICULTY,-0.2619320404304059,0.0970436682429298,0.3589757086733357,137.04917813165122,-0.12527163002653172,0.12167333016629445,0.24694496019282616,197.12760194828215
PHISICALITY,0.4116518491457379,0.4905429361584376,0.0788910870126997,19.164516611893013,0.37780856101014004,0.7048311814666258,0.3270226204564858,86.55775813606003
IMAGEABILITY,-0.9999999999999999,0.14929099823557337,1.1492909982355732,114.92909982355735,-0.9999999999999999,0.29036196283706006,1.29036196283706,129.036196283706
