n_item,spearman_corr,p_value
710,0.6451705041285504,8.163652191439033e-85
