dimension,n_item,corr_poetic,p_value,pct change
FAMILIARITY,194,0.2184968732907222,0.0022081259766728797,22.662323126701647
MEANINGFULNESS,204,0.3163207935747965,4.044063858374195e-06,32.00304560402935
BODY_RELATEDNESS,64,0.8347376135533479,1.0321067665897603e-17,3.069670960750744
DIFFICULTY,80,0.18211200891146367,0.10592693827938282,91.2770105339678
PHISICALITY,84,0.5031980694802559,1.0691201438692813e-06,6.372466982262545
IMAGEABILITY,84,0.5562748226273931,3.933347907262424e-08,13.796059492632255
