dimension,n_item,corr_poetic,p_value,pct change
FAMILIARITY,194,0.0634998365464416,0.37906370432914327,-71.05227720494145
MEANINGFULNESS,204,0.31631516267973137,4.045747125194978e-06,19.409876876500302
BODY_RELATEDNESS,64,0.5912556695006732,2.687318472619683e-07,-7.723256405656354
DIFFICULTY,80,0.17681225951974397,0.11665815781151886,291.9452230237195
PHISICALITY,42,0.2563441963443932,0.10128079977297935,-5.74573756345517
IMAGEABILITY,42,0.19708343520634355,0.21092931508694343,8.063034144587132
