n_item,spearman_corr,p_value
626,0.5112064672380437,5.620895289338883e-43
