dimension,n_item,corr_poetic,p_value,pct change
FAMILIARITY,194,0.2203306804339159,0.002021565247731667,0.4423287890343815
MEANINGFULNESS,204,0.29199983663520535,2.2583315173721005e-05,10.23077188326736
BODY_RELATEDNESS,64,0.6446584820099297,8.994004902749437e-09,0.611272785911691
DIFFICULTY,80,0.10030005767193938,0.3760342686556606,122.33825064110088
PHISICALITY,42,-0.02683705037397687,0.8660283340241595,-109.86761715320151
IMAGEABILITY,42,0.24017208644307547,0.12551192869636105,31.689019681951535
