n_item,spearman_corr,p_value
626,0.4395427221277609,5.8836710404851275e-31
