split_dimension,group,target_dimension,n_item,spearman_corr,p_value
FAMILIARITY,high,FAMILIARITY,82,0.2748133187091968,0.012466888425253252
FAMILIARITY,low,FAMILIARITY,160,0.47703390674327323,1.802418877149024e-10
FAMILIARITY,high,MEANINGFULNESS,82,0.4942175313754953,2.3720498693558697e-06
FAMILIARITY,low,MEANINGFULNESS,160,0.6473530385567985,2.2548459958367323e-20
FAMILIARITY,high,BODY_RELATEDNESS,28,0.7484259512729264,4.652909914283729e-06
FAMILIARITY,low,BODY_RELATEDNESS,11,0.8909090909090911,0.0002334581703787316
FAMILIARITY,high,DIFFICULTY,8,0.6904761904761906,0.057990318164572716
FAMILIARITY,low,DIFFICULTY,145,0.46203641386266475,4.917684626204243e-09
