n_item,spearman_corr,s_p_value,pearson_corr,p_p_value
626,0.6244748409904248,5.462771929871037e-69,0.612493989399577,9.958796235355657e-66
