split_dimension,group,target_dimension,n_item,spearman_corr,p_value
FAMILIARITY,high,FAMILIARITY,156,0.30565530792406964,0.00010436675290270726
FAMILIARITY,low,FAMILIARITY,153,0.4413728075075479,1.1251697069119902e-08
FAMILIARITY,high,MEANINGFULNESS,156,0.6686950705331726,1.4435942361771815e-21
FAMILIARITY,low,MEANINGFULNESS,153,0.6187238887485114,1.5556308483036647e-17
FAMILIARITY,high,BODY_RELATEDNESS,43,0.7261261988212666,3.5728492248434736e-08
FAMILIARITY,low,BODY_RELATEDNESS,11,0.8909090909090911,0.0002334581703787316
FAMILIARITY,high,DIFFICULTY,54,0.47017558681165794,0.0003340102550208981
FAMILIARITY,low,DIFFICULTY,141,0.4528364754821528,1.720644158773435e-08
