split_dimension,group,target_dimension,n_item,spearman_corr,p_value
FAMILIARITY,high,FAMILIARITY,145,0.3630970544427737,7.16971581485404e-06
FAMILIARITY,low,FAMILIARITY,160,0.47703390674327323,1.802418877149024e-10
FAMILIARITY,high,MEANINGFULNESS,145,0.6964504868401775,2.339403803590168e-22
FAMILIARITY,low,MEANINGFULNESS,160,0.6473530385567985,2.2548459958367323e-20
FAMILIARITY,high,BODY_RELATEDNESS,42,0.7402034337634462,2.1151752271786707e-08
FAMILIARITY,low,BODY_RELATEDNESS,11,0.8909090909090911,0.0002334581703787316
FAMILIARITY,high,DIFFICULTY,47,0.44740647177612414,0.001615331494000476
FAMILIARITY,low,DIFFICULTY,145,0.46203641386266475,4.917684626204243e-09
