dimension,n_item,corr_poetic,p_value,pct change
FAMILIARITY,115,0.5195864574183265,2.678232743428247e-09,191.69150556815418
DIFFICULTY,115,0.4828738330149722,4.618989148136299e-08,407.175028139334
MEANINGFULNESS,115,0.5504088242014676,1.8615382430083805e-10,129.68974091406523
