dimension,n_item,corr,p_value
FAMILIARITY,194,0.17812875846565382,0.012958109284651444
MEANINGFULNESS,204,0.23963143587131058,0.0005563981180582092
BODY_RELATEDNESS,64,0.8098770528443994,5.361344907448056e-16
DIFFICULTY,80,0.09520851899717632,0.4008640559466048
PHISICALITY,42,0.4730529278447246,0.0015573168160086912
IMAGEABILITY,42,0.48883487276060666,0.0010203983805482009
