group,n_pairs,spearman_corr,p_value
high_familiarity,88,0.6065356555944361,3.7729380335922e-10
low_familiarity,476,0.4749923007048241,3.6854786799774125e-28
