split_dimension,group,target_dimension,n_item,spearman_corr,p_value
FAMILIARITY,high,FAMILIARITY,37,-0.10423955834154394,0.5392297886486919
FAMILIARITY,low,FAMILIARITY,160,0.47703390674327323,1.802418877149024e-10
FAMILIARITY,high,MEANINGFULNESS,37,0.4780598260871944,0.0027663162463488415
FAMILIARITY,low,MEANINGFULNESS,160,0.6473530385567985,2.2548459958367323e-20
FAMILIARITY,high,BODY_RELATEDNESS,14,0.7890109890109891,0.0007946144116544931
FAMILIARITY,low,BODY_RELATEDNESS,11,0.8909090909090911,0.0002334581703787316
FAMILIARITY,high,DIFFICULTY,0,,
FAMILIARITY,low,DIFFICULTY,145,0.46203641386266475,4.917684626204243e-09
