group,n_item,spearman_corr,p_value
BODY_RELATEDNESS_high,90,0.5262648815105805,9.970839949456311e-08
BODY_RELATEDNESS_low,70,0.8186630063610546,4.8763521414932336e-18
PHISICALITY_high,16,-0.12352941176470587,0.6485420669723405
PHISICALITY_low,42,-0.31962397415943267,0.039078399057718795
