group,n_pairs,spearman_corr,p_value
high_familiarity,379,0.7634770780074628,1.3985726456506584e-73
low_familiarity,476,0.4749923007048241,3.6854786799774125e-28
