study,group,n_item,spearman_corr,p_value
MB,BODY_RELATEDNESS_high,31,0.040943929836441566,0.8268918944693389
MB,BODY_RELATEDNESS_low,31,0.3349465686169761,0.06549298502917628
MI,PHISICALITY_high,9,-0.15,0.7000942309691419
MI,PHISICALITY_low,25,0.2162786583167752,0.2990910105220384
