study,group,n_item,spearman_corr,p_value
MB,BODY_RELATEDNESS_high,96,0.4867885122755446,4.931642545697935e-07
MB,BODY_RELATEDNESS_low,86,0.8273311394626307,9.502632955644709e-23
MI,PHISICALITY_high,24,0.1217391304347826,0.5709355226889166
MI,PHISICALITY_low,60,-0.17016605663883524,0.19364318696203495
