dimension,used_corr,used_p_value,not_used_corr,not_used_p_value,pct_change
FAMILIARITY,0.19872272999548782,0.13133660983560153,0.12872323048610898,0.136772399541761,-35.22470706343871
MEANINGFULNESS,0.3206473344599963,0.02798927599737763,0.2906723789073818,0.0002215589114856285,-9.348262820614273
BODY_RELATEDNESS,,,0.8098770528443994,,
DIFFICULTY,0.04536629195531687,0.7754286205861882,0.23738645211671155,0.1512667603071946,423.2661561816056
PHISICALITY,0.375209895991086,0.05379034274502178,0.47142857142857136,0.07607042915033121,25.64395994496138
IMAGEABILITY,,,0.48883487276060666,,
