n_item,spearman_corr,p_value
626,0.6244748409904248,5.462771929871037e-69
