used_corr,used_p_value,not_used_corr,not_used_p_value,pct_change
0.5172438887778502,2.9251914610169467e-19,0.6328724097549819,3.046013033925642e-42,22.354738931829647
