dimension,std_human,std_synthetic
BODY_RELATEDNESS,1.7341087346465285,2.7131507178060454
DIFFICULTY,0.7423188151006572,1.1257761810858948
FAMILIARITY,1.2862439845727174,1.2425998528610882
IMAGEABILITY,1.0302926124806588,1.879903645443649
MEANINGFULNESS,1.311423545985757,1.4014646537816149
PHISICALITY,1.6516978813778582,1.2563202419758122
