dimension,n_human,n_synthetic,std_human,std_synthetic,F_stat,p_value
BODY_RELATEDNESS,64,64,1.7341087346465283,2.7131507178060454,0.40851199380181086,0.00049686053004282
DIFFICULTY,195,195,0.7423188151006572,1.1257761810858948,0.4347872755180809,1.1133184101601182e-08
FAMILIARITY,309,319,1.2862439845727174,1.2425998528610882,1.0714801200814985,0.541319937649029
IMAGEABILITY,42,42,1.0302926124806588,1.879903645443649,0.30036546086665167,0.0001983283408482728
MEANINGFULNESS,319,319,1.3114235459857568,1.4014646537816149,0.8756320636088949,0.23688846339477726
PHISICALITY,42,42,1.6516978813778582,1.2563202419758122,1.728464678082239,0.08349924044505053
