z_statistic,p_value
-3.493174837837926,0.0004773138876092986
