dimension,n_item,corr_poetic,p_value,pct change
FAMILIARITY,194,0.18972647073666643,0.008058330614599334,6.510858982520132
MEANINGFULNESS,204,0.243918028718797,0.00043861181770268724,1.788827426543674
BODY_RELATEDNESS,64,0.8071048058497051,8.034329673204035e-16,-0.3423046726608363
DIFFICULTY,80,0.10516777165855969,0.35318833316167897,10.46046379702507
PHISICALITY,42,0.4045632461532642,0.007874146558997382,-14.478228050190081
IMAGEABILITY,42,0.49457311659592074,0.0008705902178139376,1.1738613906385966
