dimension,n_item,corr_poetic,p_value,pct change
FAMILIARITY,134,0.16480896420180663,0.057045468801857034,-7.477621456849411
MEANINGFULNESS,144,0.3026343193684686,0.0002270911938393936,26.29157700786489
BODY_RELATEDNESS,64,0.8080842796332302,6.969567703952734e-16,-0.22136362610506777
DIFFICULTY,80,0.11994724356112355,0.2892412041134545,25.98373005327488
PHISICALITY,42,0.47200048686605506,0.0016007150812108093,-0.22247848321424543
IMAGEABILITY,42,0.46857902597127626,0.0017492907372530645,-4.14369921583932
