n_item,spearman_corr,p_value
626,0.6197111952908843,1.1241636973552372e-67
