n_item,spearman_corr,p_value
506,0.6259025816942773,2.191020551037063e-56
