dimension,n_item,corr_poetic,p_value,pct change
FAMILIARITY,194,0.04913126159790072,0.49630953014271195,-77.60249130299164
MEANINGFULNESS,204,0.2045667065553076,0.003336074658423149,-22.775484311724135
BODY_RELATEDNESS,64,0.7838032764878078,1.8953990184062433e-14,22.32747642648952
DIFFICULTY,80,-0.043926797353340784,0.6988328301455538,-197.37389495579825
PHISICALITY,42,0.2071648572212189,0.18804041846226605,-23.828309364472233
IMAGEABILITY,42,0.0340425545613422,0.830527666994814,-81.3340896352872
