n_item,spearman_corr,p_value
626,0.5170777815211914,4.294059802346009e-44
