dimension,used_corr_run1,not_used_corr_run1,delta_corr_run1,pct_change_run1,used_corr_mean,not_used_corr_mean,delta_corr_mean,pct_change_mean
FAMILIARITY,0.32265015005910547,0.37132426958135234,0.04867411952224687,15.085726603049892,0.3577900586675972,0.3824271949019495,0.024637136234352264,6.885919727926608
MEANINGFULNESS,0.46923223753600507,0.4624995461040269,-0.006732691431978188,-1.4348313891075262,0.5300320868830736,0.514169035407465,-0.015863051475608625,-2.9928473894653203
BODY_RELATEDNESS,,0.8386054923912999,,,,0.8170727583332683,,
DIFFICULTY,0.2557054196774807,0.13155396076012518,-0.12415145891735554,-48.552533252500794,0.13613931756424186,0.21966470674879587,0.08352538918455402,61.35287783056484
PHISICALITY,0.5241759671440851,0.6659845624568081,0.14180859531272305,27.053624012056776,0.4673798155275383,0.5860252696339446,0.11864545410640631,25.38523277315463
IMAGEABILITY,,0.4732394574425037,,,-0.9999999999999999,0.49455062701884184,1.4945506270188418,149.4550627018842
