dimension,used_corr,used_p_value,not_used_corr,not_used_p_value,pct_change
FAMILIARITY,0.022628270759336273,0.8649205689019576,0.16322874477681662,0.05854191664592275,621.3487345667787
MEANINGFULNESS,0.0799352229719024,0.5932670539627201,0.3142364072843768,6.125788568335517e-05,293.1138184162347
BODY_RELATEDNESS,,,0.6407418017478846,,
DIFFICULTY,-0.04642511025948046,0.7703273647218605,0.04760601979329208,0.7765475976197859,202.5436870848798
PHISICALITY,-0.10448969424714957,0.6039863536615617,0.610018865177968,0.01574401740189093,683.8076851245155
IMAGEABILITY,,,0.18237821727515824,,
