used_corr,used_p_value,not_used_corr,not_used_p_value,pct_change
0.1435109577781556,0.02037440943673298,0.6288699685913559,1.4050699987229573e-41,338.2034503340754
