dimension,n_item,corr_poetic,p_value,pct change
FAMILIARITY,115,0.2652696180022812,0.0041682492887994155,20.928679277229143
DIFFICULTY,115,0.37256493230250215,4.126260876422293e-05,725.8762479409133
MEANINGFULNESS,115,0.42737787473998173,1.90152077133878e-06,61.33636772294905
