study,group,n_item,spearman_corr,p_value
MB,BODY_RELATEDNESS_high,90,0.4228348433927488,3.29902375426921e-05
MB,BODY_RELATEDNESS_low,70,0.5909039316680231,7.238158662232785e-08
MI,PHISICALITY_high,16,0.05298014679347341,0.8454980659765219
MI,PHISICALITY_low,42,-0.15944380191291835,0.31316606483971676
