n_item,spearman_corr,p_value
626,0.49182792479259696,1.931192990286849e-39
