dimension,n_item,corr,p_value
FAMILIARITY,194,0.21936038629360227,0.0021184096306867467
MEANINGFULNESS,204,0.26489865910077137,0.00012872388894025254
BODY_RELATEDNESS,64,0.6407418017478846,1.1800512389742038e-08
DIFFICULTY,80,0.045111471994912854,0.691115770368291
PHISICALITY,42,0.27197093236708825,0.08143970159563879
IMAGEABILITY,42,0.18237821727515824,0.2476798034249046
