group,poetic_mean,daily_mean,difference_daily_minus_poetic,poetic_n,daily_n,t_stat,p_value
human,2.239391304347826,3.727534159886598,1.4881428555387721,115,194,-14.00322024306535,1.8251010632417797e-34
LLM,2.8417899636695654,3.9750170989705875,1.1332271353010221,115,204,-8.606453318825174,1.1997667304263797e-15
