group,metric,mean_BA,mean_MB_ME_MM,difference,ttest_t,ttest_p,significant_0.05
human,FAMILIARITY_human,2.239391304347826,3.727534159886598,-1.4881428555387721,-14.00322024306535,1.8251010632417797e-34,True
human,MEANINGFULNESS_human,2.628382608695652,4.540275986906863,-1.9118933782112113,-20.801713025057847,6.563761674511072e-61,True
human,DIFFICULTY_human,3.027269565217391,1.8866624779874996,1.1406070872298915,16.958141745420335,5.25038049048968e-40,True
synthetic,FAMILIARITY_synthetic,2.8417899636695654,3.9750170989705875,-1.1332271353010221,-8.606453318825174,1.1997667304263797e-15,True
synthetic,MEANINGFULNESS_synthetic,3.5513264579043478,5.206801603931372,-1.6554751460270243,-13.259771238611666,1.0540595663289488e-31,True
synthetic,DIFFICULTY_synthetic,2.9404324469391305,1.9234896395124998,1.0169428074266307,6.899193825829091,1.0037940381138266e-10,True
