dimension,used_corr_run1,not_used_corr_run1,delta_corr_run1,pct_change_run1,used_corr_mean,not_used_corr_mean,delta_corr_mean,pct_change_mean
FAMILIARITY,0.2346017530388508,0.06754225925544621,-0.1670594937834046,-71.20982329392015,0.2815352484638678,0.09786161723873112,-0.1836736312251367,-65.24001247705556
MEANINGFULNESS,0.1477283746346225,0.218312794907208,0.07058442027258552,47.77986656061329,0.2597623076820331,0.2758574053432291,0.01609509766119599,6.196086647373603
BODY_RELATEDNESS,,0.8386054923912999,,,,0.8170727583332683,,
DIFFICULTY,0.2557054196774807,0.13155396076012518,-0.12415145891735554,-48.552533252500794,0.13613931756424186,0.21966470674879587,0.08352538918455402,61.35287783056484
PHISICALITY,0.5241759671440851,0.6659845624568081,0.14180859531272305,27.053624012056776,0.4673798155275383,0.5860252696339446,0.11864545410640631,25.38523277315463
IMAGEABILITY,,0.4732394574425037,,,-0.9999999999999999,0.49455062701884184,1.4945506270188418,149.4550627018842
